,content,result
0,hello yeah look for James yes Sir James Garrett with Keller Williams real estate and I was just calling real quick to see if you might be thinking of selling your house well I'm not not a problem at all I appreciate your thinking about it do you know of any friends or neighbors looking to make a move right now no I don't know anyone around was funny a little later thing a flurry not a problem and I appreciate your time and I hope you have a wonderful rest today okay thank you go back hello yeah I'm looking for Stephen even though Stephen at I'm Stephen hadn't had this number for well over two years how sure devasthanam record I apologize maybe you can help me %HESITATION my name is Garrett I work with Keller Williams real estate here and that I was wondering if you knew of any friends or neighbors that were looking to make a move right now %HESITATION no I do not Hey I thought you might fall in that even if even **** number now your site yeah I absolutely well I I apologize that had some incorrect information there thank you very much all right thank you have a good day a video thankskilling looking for Marlene hello %HESITATION this inner transmissions oh I remember I apologize all she is that she is at work right now okay maybe you can help me my name's Garrett I work with Keller Williams real estate here I was just calling really quick to see if you guys might know of anyone looking to buy or sell a house right now no not really no not not a problem I appreciate you thinking of that I do you guys have any plans to move an ever we what do you guys have any plans of moving ever not to not for now not for it will future no right well I had no problem at all I appreciate you for your time and your wonderful yesterday okay alright thank you thank you goodbye ,1
1,so you want to so you're talking fifteen hundred two thousand a month with local clients how much do you want to be talking you know I've done it before %HESITATION eighty you know if I can get my retainer up to twenty five dollars a month that would really help my profit margins for sure okay and what's your cost of look delivering the service usually you know three hundred dollars for an account manager again and it always a month forty you know somebody did just eighteen base look at after I create themselves you know of maybe you know with everything else in jail done maybe seven hundred seventy Marjorie now goddess so you're talking fifteen hundred and you all your classes of the fifty and have a close working with right now I'm John clients you know then now it's okay how many clients do you want to be working with you know I think the first milestone I need to get to fifty but I'd like a hundred clients to be better so and and so what we're hoping for me today I guess you know maybe how much time do you think we really need to do that call like that usually I start with two hours because with what you're doing right now %HESITATION I thing to always be sufficient enough to let me look at also be packages servers a bit %HESITATION and also may give you some strategies on how to promote your your pricing because I think you know charging enough I mean yeah we could do two hours and then begin to me because let's face it with right now with the fifty percent profit margin you will have a problem when you grow because as you bring on more people your your mall profit margin would shrink and quite frankly it is none of the wanted to a lot of referrals because you can afford to spend money on marketing troop so for for two hours are charged ten Kate undefeatable that correct five dollars an hour it's awful lot of money yeah start with an hour on the hour maybe get a discount or something like that so yes a lot of money let me ask you this you're coming to me because you want to charge more money in charge what you believe your worth and an apple just make more profit correct and how would you feel if you and I will come to me to king of high ticket sales Dan Lauck and we stop our relationship by me giving a discount would you trust would you trust a high guy like that to help increase your price yeah I guess eighty nine do you want to be the most extreme of the band only in your industry or you want to be the hot guy correct and I am the **** badly so where do we go from here I don't know they're waiting you know I can bring this up for you know but this is and aren't you know what my options here when what do you mean and I can get my game for one hour %HESITATION second hour in times like getting out of myself so you want to collect half down half was complete but it is up to our commitment you could be okay with that right but because cash flow I get it up in there when I even when I was starting my business so you're saying five thousand maybe this month in a five thousand next month correct let's pretend also accept the offer would you say to me I guess I'd say let's get started are you sure you don't sound like there's a because I don't want to do this if you're not sure because I'm going to help you but damn you got to do the **** work this is the year three I can't even get near it thirteen talking mind someone like that not advocating you down %HESITATION so if you want to do this yeah you're not gonna come back to means a change of mind more right because if that's the case I don't wanna waste your time at different ways might this is not how I operate and I'm gonna give you the strategies I don't even mind we'll have to do that to our call up front I can do the first hour call and we can do even the second call thirty minutes thirty minutes because I want to make sure all the time we spend together is productive there will no wasting time shooting the breeze and talking about the **** weather right okay so so what you want to do well I guess Honda Whitey how dare how to get started we can do we can do we can take credit card we can do pay pal begin to watch us for my and like this is the old brown here's my credit cards are locked up but I get to paint all of there's something for that structures so is what I'll do I'll get my system to to send an email with a simple simple agreement I don't do long ten **** page contract very short %HESITATION you can feel that I'll get back to me with that and then also have very include a PayPal link with five thousand down and five dollars and in thirty days some good yeah that works given congratulations look for working with you yeah and relax to get depressed we we gonna take it this is the next level as long as your coach of all we're going to do it you gotta you gotta look what I mean okay okay sounds good and great things okay about ,1
2,fair weather speaking my name is Nicole and I want to be your broker I've are again a broker really make any money last year nobody made any money last year that's not true few with me tonight at three percent after the crash I don't believe email address to send you my earnings report right now biotech and alcohol were up number your broker is not smart enough to keep yourself we do for a living Charlie I'm history teacher but I'm not interested only history that's worth a damn is the history we make today you know who said that I believe Henry Ford's yes yes he did he was right and here to rhyme or pharmaceutical course you haven't because your job is to teach and my job is to know about companies like rhyming before everyone else you know you don't buy a stock your cab driver tells you about he'd known about IBM before the invention of microchips horse Reimers poise for break out on the same scale Monday the FDA will approve them to begin clinical trials in a quantum confined nano technology that has the potential to transform cancer medicines that can get you in on the ground for no it's completely jet look I pour over a thousand pages of scientific technical PS let's start small Kate thousand shares a double that for you next week and then we get serious sounds nice but I have to ask my wife just died rookie Mister Fairweather June vest with me the only question you'll have to ask you why is what kind of hardwood floors to she won her new house that comes down to a few moments Mister Fairweather I'm in five thousand shares thank you transfer you over one of our girls and she'll take your information so how may interview go yeah yeah yes believe me I would be giving you this information about into the compound eight thousand shares myself forty meters and fast over the phone with the Cuban Missile Crisis was off of the phone call we have to move on this right now you don't get rich buying into a high market the market is down we need a great station but you want the good things in life we have to work harder best small college tuition can be covered now you started out like a smart investor this is stepping stone to first million I appreciate your business crazy eight let's go ,1
3,Hey it's a great ranger from ranger media lab here is for more pure cold calls enjoyed cheers I always thought is this I just hello can you hear me okay is this just Hey Jeff my name is Greg I'm calling from ranging media lab the reason I'm calling is I want to set an appointment with you out basically I took a look at your online presence and with just a few tweaks we could generate some extra selves every month for the next few years so I thought the best place to start would just to schedule a quick call what you perhaps tomorrow at two PM or Thursday at two PM okay more as a two PM perfect and is this something you're interested in learning more about her absolutely sounds kitten and is there anything that could %HESITATION cancel that meeting tomorrow like you have a job on going or anything like that or ,1
4,one three a lot of John hi this is John Smith today I'm good that this in testing but only Sir this is changing it is I'm calling from bondage okay require you to help me lord thank you for percent off I'm basically let me just ask you need calls several times but not actually not every day and I'm calling about this %HESITATION once every month wow we have to do what country %HESITATION it really America's most of my others in Canada some of them in the show so I'm most likely %HESITATION I've called the European countries as well %HESITATION especially %HESITATION this coming month because that business to deal with it and the that's what seems to be getting national calls out quite often how much easier deal usually well it's really the band on and the there is an going to to use my full but the most of the time I have that tells the dollar bill from one thousand dollars wow that is very expensive also actually here we have the best plan she is in Canada with the but again on it each seen African yeah but I don't have time to you know want to straighten good thing called and %HESITATION was it well actually certainly had a lot of features to offer you an I love it sure that you will is this one is for we are playing using Canada limited even enjoy local and long distance calls to you can we go and do that dollars nine plus access easement you telling me that I'm going only a base amount of nine dollars every relative is %HESITATION completely Canada yes absolutely sure that however nine dollars ninety it's only right that the first three months after he would only be for twenty four dollars as per month plus taxes and fees the lines that you go have a very predictable monthly rate of I like for example let's say SP of thirty to thirty five dollars anyone imagine how if you're going to say that let me ask you what was interesting to nine dollars and help them that I'm going to have a twenty four dollars for the next three months to suddenly change it's twenty four dollars ninety nine as for the first three movies our promotional offer at this time all right all about it is there you know four dollars and we called that was good but the country will be charged one that's a wonderful question actually well with our he would have wanted are you will be a very low rate for international calls well if you're going to talk to the five cents per minute well it's ten cents per minute to land mine so with like all outward either now because they have had half of the price both our other competitors well I what's going on but we are about the the new okay to benefit a bunch of new telephone company right now but %HESITATION on my weight office they have a lot of fighting charges soon doing myself it was made of one thousand one but that wasn't so my bill I was %HESITATION it's freezing there's a movie based on %HESITATION telephone %HESITATION telephone that I have on the third for thirty dollars every month but after a month or so to get a dress when he turns from not as a so what's your name is among the totally understand I'm very much aware of that however you don't have to worry anymore this one has no hidden charges at all guaranteed that actually applies comment by thirty the way that you everything you don't like the service before you can send us back to the body shop and we'll send you money now believe that for myself not actually sure you don't have to change your whole for their use touch total at all even is going to send you a bunch of boxes we're in there's a bunch of doctor are included in that package and it's actually very like look like any color coded has interest only new outlook the other is that you do your yeah I would all right so you're you're trying to say now that they you have a minute back and got the three D. so once I the money service I can now and send it back to you guys we don't charge exactly that is about what's good about one two one to experience total convenience some asking who are you right right Comcast he ran well currently I'm having on the DMZ services I think it is one of our other twenty then they also provide the internet well %HESITATION castle of my unit my business and %HESITATION it is easier to look at the service allophones now I see and verify since he hasn't yet wants to work out is very you have a high speed unity is only copies right yes that's actually getting one we just ask you need thousands %HESITATION they'll be at odds with the the Comcast dot com right to let me just %HESITATION me back to make sure it can be transmitted Comcast dot com that's done this jaded yeah always in operations in Moscow and I think here yeah essence here at Amazon mom I isn't in yet using tango each single talent Comcast out on this one and your phone bill that he can't take it with you Comcast how do you feel the heat and the use of credit card debt well I'm afraid to use my credit card on the my bill so maybe some doing that stuff for myself maybe someone to back it up over the counter but %HESITATION if you have an option for me to be there the bill also through my credit card is no security with when it comes well that's yes how he accepted credit card debt it's hard to imagine that he would have to the security of your partner we %HESITATION maximize your the total safety of our customers maybe this call got cut and must have a endless you know and I said %HESITATION ask for all you DO because I think it will be automatically deleted we will keep any information that's how secure the house see information with lots of reasons for that %HESITATION but %HESITATION right okay yeah I think I can be a long drive for thirty days your service but we do use my credit card so we finally the thing is true propping them what should be sure I'm so sorry to tell this but however we accept credit card or checking the checking account will be better these efforts need around we want to yeah right and have all the way that all night alright thanks so much and that will be the name on the check will be my full name we have so much to say I'm going to beat you over the years of service so stay on stay on the line in them grab a pen our top remembered seeing your order number okay something whenever you're right I'm ready I tell told me to read all these policies one five one eight six six two for the for the five sets and and %HESITATION here is your order number it's one two three four alright so let me %HESITATION first let me define it they get and then he yeah our air third party every fire the line that he will only ask you for some quick questions just to verify we got all these I don't think Sir and welcome to ,1
5,thank you for calling me from my name is boring can have your name him name is John Smith thank you John how can I help you and I was just calling about she how much it would cost to update the map in my car I'd be happy to help you with that state did you receive the mailer from what I did ID need the customer number yes please okay it's one five two four three thank you and the year make and model of your vehicle I have a two thousand nine Nissan Altima nice car link you we really enjoy it okay I think I found your profile here can have you verify your address and phone number please %HESITATION it's twelve fifty five north research way that inform you time eight four zero nine seven and my phone number is eight zero one four three one one thousand John I located your information of the newest version we have available for your vehicle is version seven point seven which was released in March of two thousand twelve but the new map is ninety nine dollars plus shipping and tax let me go ahead and set up the target for you well can you wait just a second I'm not really sure if I can afford it right now alright well here are a few reasons to consider purchasing today it looks as though you haven't updated your vehicle for three years so that would be the equivalent of getting three years worth of updates for the price of one con que in addition special offers like the current promotions don't come around too often I would definitely recommend taking advantage of the extra fifty dollars off before it expires do some pretty good I thought this order out for you now it'll ship up to date and for fifty dollars flat do you have your credit card handy and I can place a sort of free now so we could use a visa the number ,1
6,welcome to sales university made this is getting past the gate keeper part two realized sales call it see of these tips put into action can really work and then you can get past the gate keeper decision maker in in in this matters let's see what happens smile right right right right you want to make sure your call here look quickly call them on it for crying and good afternoon Claudia Jim please yes right right right can you let him know it's ,1
7,this is Ricky yeah returning your call is there any yeah Hazuki group remix of orange beach are you doing are you doing good on it's beautiful down here because we know the beach lately I usually get about twice a year okay cool yeah we actually going in owners will the reason I was calling it would take up too much of your time today but there was only one unit Purcell royal palms how do you know if there's anything I could do to help you guys like in terms of buying or selling like I know you guys have a royal palms right yeah yeah yeah yeah I don't know just like you guys were thinking about doing anything an hour in the future or something like that no not at the moment yeah I'm actually you are their daughter okay okay I think they're interested in telling me anytime soon yeah retired not that long though they're looking for your big day the more time and actually they're sort of at a crossroads because it's actually been renting real yeah and so that you know there for awhile it well and you know he didn't working like a dog now that he actually retired renting well if they actually like almost didn't get to go get her may it up yeah so I don't think they're interested in telling anytime soon like I said I wasn't really wonder if they'll ruin the stellar anything I'll just go see if there's anything I could do to help enough not like if you guys had an agent down here in the trial would work with you now and then maybe start their relationship with you guys for in the future maybe at some point you know I got hurt I mean you can't remember your rolodex ten years or so yeah yeah I don't think they are interested in buying or property owner yeah frankly one is that not what about what about you no I all right all right I mean if your parents have a place like that go with the flow on that one new new new demo okay cool well good talking to you know just see if there's anything in the world I could do for you guys a bit down here I grew up here and I'm I prevailed with the Gulf shores elementary but I've been selling for sixteen years down here and just also lots of units Arroyo bombs over the over the past you know sixteen years or whatever but I was just going to see if there's anything in the world I could do to help you guys so I never know yeah I'll call you might as well sure sure but yeah I'm I don't care I mean my dad always like to go look at your weight well actually I would love to if he wants to show what what's your email address let me send you my information and then if he gets down here he ever does one just call me up I'll be glad to us I'll be glad it ought to go what like marijuana that's for sure what is your email also you some info that if he ever wants to do anything just give me a ring the cool summer thank you so much it would be an oil com loosely absolutely love that complex right next to each and so it never I mean it got a little more crowded but you've been you know he then that's what we like that lack of the crowd yeah that's where most of the builders comments like spring and fall and you know that's when the weather's still beautiful and there's hardly anybody here and well it's actually getting worse you know over the every every year gets busier and busier in all seasons but you know mom will cool I'm gonna I'll send you some information and look Ricky Carruth remix right there's anything I can ever do for you guys I'll be glad to show you properties even if you guys are don't want to do anything just to check it out or just whatever at practice showing in doing that now just looking at stuff too so gives me a chance to look at some stop and gives you a chance to see some stuff and we get to know you guys better so that'll be good yeah mac email an outboard and thank you alright what do okay guys so what happened right there was is I was making ,1
8,"We doing it Monday. You said you wanted to  yeah, they're not camera from the class.  Hello.  Hello.  Hello.  No, but we'll do it just do it we can.  Have fun.  Hello Nina, this is Paul campanero. I'm a real estate broker at Keller Williams sell their property and I was wondering are we just lowered the price who you might know looking to move into this part of town?  Hey, I appreciate it.  I'm not trying to bug anybody mean.  You just sold an expired I would I would I would different.  but I just told like I mean  they don't want to talk like  this is Paul. I'm a real estate broker Keller Williams.  and we just like  5 in great shape  I am a realtor.  Yeah, good good. Appreciate your time.  Yeah.  Can you do an open house for me on Saturday?  She use that next time.  Yeah.  Open house.  But we do.  What day is it be done at?  how does  Hello.  Estate broker at Keller Williams on the Corner Road with a half acre property. We just lowered the price to see if you might know anybody who you might know looking to move into this part of town.  It's all over off and Road 8580 and road. It's right at an and Riley between Riley and Durango.  east of Capitan west of Durango  Yeah.  Yeah, sure. Sure. Will the signs out in case yeah, you find anybody you been in this property this area long time the Shelf?  changes in Las Vegas then  Yeah, nice night here. Y'all can always live in this area.  Yeah, how do you choose this area?  How did you choose this area here?  Don't you just kept pinching with it?  So if you could move to  staying here long-term, huh?  I don't blame you. I would probably do the same thing if I were you so I appreciate your time which one of your friends or family members has been talking about real estate.  I'm very grateful. You. Have a great day.  AC AC  Yeah, how's your Friday?  Saturday's been good Sunday at 4 if we don't do it on Sunday.  I take Sunday off, but Sundays are.  Went down at 3 and we're right now. It's just actually trying to last.  little tight  free probably The Sweet Spot because twos like just a little short 3/4.  Yeah, yeah. Yeah. Yeah. Yeah. Yeah.  Plus threes enough for you there for a little while. I mean for if you're hardcore.  Hello.  Hello.  Hello.  Seriously, you put them into your spear like a lot of typically it's longer follow up. But like I've picked up some really big listings.  Hello.  Hello, can I got I know a guy who just focuses T. This is why I didn't fall off a broker Keller Williams around the corner and Ann Road and Durango. We just lowered the price on a half acre property by chance. You might know thinking about moving to this part of town.  Now, I don't know anybody. I really appreciate you thinking about it.  Oh good for you. How long you been there?  back in the right right back in ancient times  So Hey, listen, I appreciate your time anyway.  I'm not moving anywhere pretty happy there. Yeah, I don't blame you. It's a great area.  I'm in life.  God bless you.  Are you okay?  Do you sometimes a computer that you like your pastor female? I mean just got to be there. Like I think phone Farms are good ideas. I think they're really good ideas like you can get a lot done.  Hello.  How can I lower the price and I was wondering I'll maybe who you might know looking to move into this area.  Not a person man. I really appreciate you thinking about it. You been in this area while yourself?  So where you from?  No worries. No worries. I was just checking to see if  Alright, well, hey, have a great day.  I jacked that out there. I don't even know if you heard it. But like I jacked it up. Like I said, I don't know where I jack it up.  Right before that like I made it awkward. I like like I made it a little awkward and then she's like and then she's been she responded off early. She's like like because your energy matters like relatively both of those good energy, right, but because I'm bringing a lot of good conversation.  But that's okay.  And there's a little piece of it that I thought I was a little longer. Have you been here a long time or  And there was I did so I don't know what I have to go back and look at it.  Yeah, I mean, I typically not not going to put them in a drill for the last like there's something there is going to be like a farm a geographic area you pick out and instead of mailing it you just phone Farm it. He just called.  You know, I've never really done it, but I'll tell you I could easily go to hello.  I mean once a month or a week at least once every other month and like update on like just listed just sold.  And like if you call them four times a year. So you call him 4 times a year like I guarantee you and like you knock on the couple times a year.  Hello.  Hello.  And you knock him a couple times a year. I guarantee to get business. I've never done this, but I should I regret not doing it like phone Farm you're like your community in the neighborhood and and then call him once a quarter and have just a couple.  Hello.  Oh, I apologize. It happened household.  This is Paul. I'm a real estate broker.  Awesome some property that we had for sale in the area. Where at calling all the neighbors. Yeah. Yeah.  Do you want the owners at this property?  Oh, well. Hey, maybe you can help trying to sell a property to half-acre. We just lowered the price to 465. Maybe, you know, somebody looking to move into this part of town. Who do you know like that?  No.  No, that's okay. I appreciate it.  I slept in contacts right there.  Made a couple contact before so I don't know how many of made since I've been sitting here.  Yeah, cuz she wouldn't answer me. She would answer me.  Right, look I was persistent, but was she annoyed?  I know, you know why cuz of my tone and glow.  Hello.  Because the core of my identity when I make when I'm reaching out to people is like hey, I just want to help you now. I want to sell you not I want a script you. I just want to help and so if I come from hello.  Hernandez  This is Paul Campbell real estate broker Keller Williams in helping a neighbor out around the corner. Now. We're calling all the neighbors. We just lowered the price on a half acre or 465 checking to see who you looking to move into this part of town.  I appreciate you thinking about it. You still in the area over on Bonita Vista?  No worries. I appreciate your time, though.  Appreciate you hanging up on me. Thank you.  My confidence I appreciate that sir.  So it's nothing personal or just not interested. It's okay.  I don't care any business spends money or time millions of dollars in millions of hours with people who are not interested because they know that it's just the one that you do find somebody who's interested. That's what matters.",1
9,"Yeah. Is this Yari. Yeah yeah hi ari nice to finally talk to you this is Mark with a prospector I've been looking to speaking to you today. I see. Last time you talked to us you spoke with looks like legit. How that go.

We will see both Bruce Wayne new mother Susan czar when you have.

Ok. All right. Well thanks for that. You know just to recap you and Lagena talked about last time last time I spoke last time we spoke our company Hot prospector has been in business for over four years and we have over 2500 customers worldwide. Our main focus is helping businesses like yours find and talk to more prospects and ultimately get more sales. Now I know this probably sounds like a funny question to ask you but I have to ask you this. Do you want to make receptively month.

Absolutely.

Great. Great. Well I'm going to see if I can show you a few ways that can help you make that happen. And you know if you like which see that I'd love to have an opportunity you are in your business today they sound good.

Yes.

Awesome. Now first what I'd like to do was to ask you a few questions so I know exactly what features the system I should focus on. Number one what do you find works best for you. Finemore customer you know I've been showing some you know SBO and things like that T2 primarily just ASIOs so people find you on line

And I do some online marketing support. Word of mouth also.

Okay. And how does that is that working

Okay. I could use more. Okay.

All right. Now how many more customers do you think you can handle each month.

Probably about 10 about 10. I see the team in place to be able to handle all that business. But again I said you have a team in place to be able to handle that amount of business. Yes. Okay. And what would you say that your average is dollar wise. Thousand 2000 3000 5000 now probably about 600 dollars the kind of dollars.

So a Web site for six hundred dollars yes.

Okay. Now how much do you want to profit on each of those. 25 percent 30 percent 40 percent.

So far about 40 percent and then you know we have the residuals.

Ok. All right so somewhere around 250 dollars per per customer.

Yes. OK. All right. Perfect. You know I definitely got a decent idea of where to go with this. I need you to do two things for me really quick. OK. Number one. Grab a pen and a piece of paper because I'm going to be giving you some numbers. I want to make sure that you have them for later. OK. It's going good for me. You got that yeah. OK great. Number two just go ahead and log into join me so you can see my screen forward slash hot prosector All right.

All right. I see you just joined here into the system and we're going to show you some really cool stuff here in just a second. It's going to definitely be able to help you you know get the customers right now. Wow. Well the thing that I'm loading up is loading let me just give you a couple of things to write down. First off going right down our Web site.

It's hot. They Ciotti prosector dot com OK. That's my web. OK. Just in case you need that later. OK. Next my name is Mark. That's a R.K. Holten HGL t o n.

And again one of the account managers here. OK. Now my manager says Mark at hot prospector dot com and my phone number in case we get disconnected is 1 800 5 9 1 9 3 1 3 you can just ask for me and I'll transfer you right to me.

Ok ok. All right now now that we've got that take care of you Spain right. Yeah.

Ok. So the first thing that I want to show you is this tool that we are going to be giving you today. That's going to help you to get more props. OK. Now I know you mentioned that you could use more prospects so the first thing I want to do is show you exactly how you can write them. Now what would you say is an ideal type of prospect for you what types of businesses do you like to focus on.

I'd like a contractor or just any small business really anybody you know want the Web site.

Ok. All right. Well there are a couple of things that we've found that works really well here with us because you know we have in the past actually done a lot of web development. We work with a lot of customers that do well. And what we've found that works really well is number one targeting people who spend money in their business right. A lot of people don't see that hourly. And actually having site so they don't own one but why would you want to target a person who doesn't see that value. So we do we target people who number one a have a Web site and number two have an interest in investing into their business online. Obviously you know it takes McDonald's to McDonald's to go out and buy French or potatoes in order to make French fries right. So we want to work with the businesses that understand that concept. Ok so this tool here is going to allow you to identify those types of prospects and you can see we have all these different search categories Mantell Yellow Pages Facebook Google ads Pfizer Groupon and Google. Now let me ask you this just taking a look at this what two categories do you think would actually have potential buyers.

The Home Advisor Groupon blue wall you know almost all of that because they're all advertising in some ways.

Right. Well actually you know there are a couple of them here that we find are the best. The first one we love. Okay okay. And the second one is Google ads. Now I'm going to be focusing here on the yellow pages today because I just want to show you exactly how important this is taxed. So you mentioned that you don't mind targeting contractors. We're just going to go out and Pangborn for this demonstration I'm just going to show select roofers and what you and

Las Vegas you're in Las Vegas OK. So let's just go ahead and do a search for roofers in Las Vegas. Now what you're going to love about our system is very simple to use. And it's also very fast. It's also going to get you a lot of extra data that you're probably going to be able to use in your marketing campaigns. And as you can see right here as it's searching you're getting a count of how many leads that you have in that area. OK. Now normally a search like this we would probably see anywhere from a couple of hundred two thousand leagues potential leads in just this one. OK. Now I mentioned also that there are some additional things that you're going to be able to get data data on these potential customers. First one I know that's very valuable to lot of our customers is to see if they have a mobile Web site or not. Now I know mobile is pretty hot right now. Do you sell mobile web sites.

I actually do on sellers Ronsard Web site.

Oh perfect. That's even better. Yeah. So this gives you the ability to see if their business is already using a mobile or already has a mobile Web site. Okay. The next do any type of online marketing or do any type of search engine ranking that sort of thing. We also get to different details on each of the businesses like you know how many citations they have. Are you familiar with what the term cit. means. Perfect. We actually check to see how many places online to name address and phone numbers listed. Obviously that's some good information that you're going to see is going to be able to help you when you're talking to your prospects. Now there's probably a couple of things that you're noticing her you're looking at this list. Number one there's no Web sites or sorry there's no email. All right number two none of this other data is here. Okay. So in order to populate populate that data we will give you the ability to just click a button and the reason why we do this is because we want to make sure that when you're parsing getting this information if you don't need it you don't have to wait for it. Okay. So we're first going to go ahead and we're going to parse these Web sites and what it's doing is it's going to each and every one of these Web sites and as having any additional information we can find like their e-mail address and their phone number. Now it's obvious you know when a business puts their e-mail address on their Web site they're asking for somebody to contact them so you don't have to worry about whether or not you have permission to contact these people because they're asking you to contact them.

There are a couple of things that you want to make sure you do which you know order to stay compliant. And that is when you're sending them an e-mail that you give them a way to opt out from receiving different or additional e-mail contacts. Number two you know you definitely want to make sure you use clear subject lines and put your contact information in all the e-mails you probably know this but we just like to get that you know little bit information to the people that we working with for good measure. OK. Now you're probably noticing here while this data is searching you can see up here off how many e-mails at five. Now depending on the type of categories are searching for the businesses that you're searching for you know these numbers are going to fluctuate. But we've found you know that the thing on where we're searching you're going to see anywhere from about 20 percent to 30 percent ratio of e-mails found per search OK which is pretty he said now and again. Now these e-mails are going to give you the opportunity to reach out to these prospects and turn them into customers. OK so that's doing its thing right now it's doing it so far. I mean and just let me know I'm not going too fast I mean are you seeing some some value here with what you're what you're seeing.

Yeah I mean I agree with you that I've seen the cost of things.

Yeah well there are a lot of different types of tools out there on the market.

We've seen tools that sell for like over a thousand dollars that do what this tool does. And I've seen the tools that do less than what the tool that that will you know felt a lot cheaper but they never were. So the one cool thing about this tool is that you know it's updated constantly and you know it's definitely going to help you get all the customers that are for. I'm going to give that a second to search and I'm going to show you exactly how you're going to be able to use this system while searching up here at the top cop of this screen. Oh and by the way as you notice we're at hot prospector dot com. But you see here how this is you know it doesn't say how prospected we've got all this know different looking branding going on here you've got the apex Apex digital strategies. The point I wanted you to see this is that hot prospect allows you to completely brand it forge your own business. So whatever logos and color scheme that you want you could search all of it. Nothing here. It's set in stone. So it makes it really nice so if you ever wanted to allow your customers to have access or maybe wanted to resell it you can do that and nobody would be the wife for that. This isn't how crossbencher can I. So it looks like our search is complete here. Now what I want to do is I want to go ahead and show you how we can get these leads into the system. OK. So what we're going to do is we're going to go ahead and click on this export button and when we do that it will have different options the first one is a CSB export export which is just lets you open it up on your desktop and in Excel format. And then the other is an export into hot product. And basically all you have to do is just put in your username and password for your hot prospector account.

Click on the logon button and you'll be able to see.

You'll be able to log in give me one second here.

So just go ahead and log in here. Now once you actually Lagann you're going to see it's going to give you a couple of options here.

It said the existing group an added group what you can do and what a group is called are a contact group and contact group of contacts if you're loading into this or what we're going to do is we're just going to load this contact group right.

In this and just a couple of clicks you'll see all of those contacts have actually been exported right to. And all you need to do now is go over to your account and search and you'll see roofers Las Vegas fairs all of those leads that you just floated right here and some them pretty awesome right.

Right right.

Ok. Now you're probably wondering well what good is all of this data point. Right. I've got all of this data but what am I going to do with it. OK. Well what I want to show you a couple of different ways that you can contact their state or contact these customers actually or prospects to turn them into customers.

The first one here is our power diary now specifically here inside the system where you have the ability to literally click a button and call all of those contacts you want either one by one or all at once. The second thing that you can do is you can send out bulk e-mail to all of those e-mails that you just collected. But there's one specific e-mail that I think is going to be beneficial to you because you do web development because your site designer. We have built a specific tool that is going to help literally knock your customers socks off with your prospects CVS. They're literally just going to be blown away by what it is that they're about to see. OK. So what I'm going to do is I'm going to put in an e-mail here.

We're sorry that address we'll just try your. Can you see my screen.

Yeah. It. You're not going to run an

I don't know probably because we're outside they're smoking it from isn't moving now.

No amount of I don't know what they saying.

Ok. So what I'm going to do is I'm just going to go ahead and put it on the Web site here. We're going to do. I don't know.

Give me a Web site address your web marketer gotten that all right.

So I'm going to go ahead and just put it in. You are going and I clicked the button and was going to go into that Web site and it's going to do a quick little audit of that site. So what specifically it's going to do is it's going to literally crawl every single page of that Web site it's going to search for a lot of different things going to search for header tags. It's going to it's going to search for descriptions going to search for Medhat title Medak keywords. It's going to be looking for how many images that the site is getting what types of keywords are in those images are all tags and those images. It's going to see how fast and what it's going to check out the domain and see how old it is. It's also going to look and see if they're on Facebook or on Twitter. I mean it literally goes on and on and looks at all of these different things that number one as really makes a difference on how it will sell.

But number two it's going to make you look really good to your customer. Now I'm sure that's probably something that would be beneficial to you. Right. Having the ability to have a tool that would show your customer just how professional your company is.

You can. Right.

Right. Right.

Ok so deep here at the top right hand side we have a contact information and this is something that you can customize so choose your contact info so when you send this report out to your product that they're going to see your contact information they're also going to see your local here at the top. So it's going to look like you sat down and put this really put this together for them. OK. Now the next thing this Web site green by Green this Web site great it is is it's actually a new analysis of the entire site. What it does is it goes to it it looks for all of the ones that are red are battling green are good and it just literally Girvan crawls everything on of those pages and then it calculates the score based on how many goods versus how many bats goes as high as 100. And as you can see everything explained here to your customer thoroughly OK. So pretty awesome right. You have the ability to send out a great report to your prospects literally with the click of a button.

I mean that's pretty awesome right.

Well let me ask you this.

What do you think would be awesome and that.

How about finding that out to every single one of the prospects that you just grabbed using this tool at once. So that means literally you can see about 70 text e-mails to all of your product mix with a couple of quick. Right. You saw here I went and grabbed the list. We uploaded it with a couple of clicks. Now we do this. You just click on the button here. Select your e-mail template which we don't have one in here right now but if we did you would just select it and then you check this box here that says Web report click update and it will literally go in after you click the Start button it will literally go in and create a Web site. Great and important for each and every one of those different businesses that you had searched for. Now if you were to send out a template or not a template for a report like this that looks like you really sat down and took the time to you know put your customer. What do you think you would get in the way of phone calls.

I mean if you were to send out let's say I think the thing I'm thinking it have to make it better.

Absolutely. Absolutely. Well now with I look about and you didn't read that report. Yes I'll definitely read it.

Can I Can you tell me what would flow like.

So don't worry I'm fine and you slow down a little slower. Sir be with it. Sure.

So you could see here you've got you know the index Egypt Egyptians on that Web site the readability level of that Web site. If there's a Twitter profile. Do they have a fan page. There's the Medard description that shows you know what the title is and then another description your headings images your domain. So with that expires the domain expiration MAS Reinke babblings literally everything that you need to know about that. They even tells you if they have a lead form on their site.

Okay. All right.

So anyway so like I said with the click of a mouse you will be able to send out 50 of the Web site reports or 100 of those or even a thousand of it's really up to you. And in a matter of how much goes that you actually pull. Now personally myself I'm not the type of person that would just send out those reports and leave it at that. I also would like to pick up the phone and maybe just follow up to make sure that you receive my email and you can actually do that again. Really simply and really easily when you log in you just click on this little green start guy or this little green dot. And what'll happen is it'll start calling these numbers here one by one and allowing you to talk to these people and you know you could call up and just say Yanhai 1 I just wanted to see if you had received that email that I had sent you one can tell you what the deal is if he says yes then you could come in here and you know add note any of those things that you want to add it like to meet your customers face to face.

You know you can actually get a location on where they are at. The Google Maps Bill right into the system. You have the weather if you want to talk about the weather with them you can do that. You can even send e-mail or a text message template with just a click of a mouse. So everything that you can imagine that you would need to do with a press tomor right here on top of that you can manage your contacts and contacts by the status updates. So you called and you sold them a Web site. You can fail and move them to a different group just like a fancy CRM or if you just they talk to you talk to them and they want you to call them back later. You could schedule a callback and with a callback you can collect the date in time. And also even send out notifications to the prospect to let them know you know that they have an ointment.

You were gonna say something no we disagree with you.

Okay perfect. Perfect. So again. So we've talked about how to get cross Cojo away where it just just one way that you can market to those prospects with a click of a mouse literally sending out not just you know a few but literally hundreds or even thousands of prospects prospecting reports on autopilot. OK. There's just one more thing that I had to show you. Well actually two more things I'd like to show you that we've built into the system and again there's a lot more where that came from. I'm just showing you a few things. I think you'll be able to benefit in a way. So the first one is down marketing campaigns.

Now do you have a phone system for your business. Not really. OK so when a customer calls in. What happens.

Oh no.

Ok. So I want to show you. Here is an actual campaign that we put together. So here's a campaign. You can see here the name of the campaign the contact group that we're using and then all the phone numbers that we're using in this campaign. OK. So what would happen is any time somebody calls this number then they're going to go into what we call a call flow call flow just basically means you know what happens after somebody dials. So the first thing that a lot businesses have these days is a menu option that will pop up and it'll greet the person who called and give them options that they call frass on their phone to do different things.

Are you familiar with that yet.

Ok. Now the types of things where you know somebody would press one for sales or press time for support or you know press three for you know to leave a message. OK. You have the complete control with option here to create your own menu options. All right.

And the way that works is literally you just grab it and then drag and drop it right on the little area where you want it to go and it will open up and you can have many options as you'd like. You can also remove them if you don't need them. And then here you can just drag over the types of things that you want to do when not the best. OK so that's that's one of our options. Another one of my really power one of the real powerful features that we have and a lot of our customers like is an automatic Esmat. Now you probably know this already but most people these days they use their mobile phone for everything. Matter of fact I don't even think you have a mobile phone. Or do you have a landline for your home.

I do have a local home.

Most people these days are moving away from their landlines that's actually a huge factor I think it's like 60 percent or something like that these days. People are using their mobile phone versus their landline and especially businesses they use their mobile phone over everything. I mean people are glued to those phones. Well what'll happen is when somebody calls to you they will actually receive an automatic message right on their phone.

Ok so for example what's your Web site your web marketer that are getting that high.

So what I'm going to do is just show you here your web marketer. So check that out. What will happen is every single time somebody call this number very first thing that they would get is a text message sent right to the phone. You could say whatever you want but it'll take them right to your Web site. And this is a really powerful way to get traffic to your site because people will get that get that phone or that text message on their phone click you are Reale and be taken right to their site to your site or if they have a smartphone they could just go right to your site online to get more details. OK. This is another very powerful tool that in a lot of our customers are using in conjunction with some of the other features that system that will literally have people drive driven from their site and drones. OK so the last thing I want to show you is just a couple of little things here. We have our own account accountant calendar managers built it. I'm sorry appointment manager built in to the system where you can actually sync up your Google Calendar and actually get all your appointments in one place and then there's one more really powerful thing that a lot of people need these days and that is online. Read our online. Literally you can come in and create your own lead form and embed it right on your site. So whenever somebody fills out a form their contact information will be put to your system that you can pick up the phone and call them or you can send him an email or a text message or you can put them in to one of our automatic autoresponder series to do this.

",1
10,"
****** Result for Image/Page 1 ******
A SALES CALL
Agent: am I speaking with Mr. Rohan Sharma.
Customer: yes or no.
Then we have to ask may I know whom I am speaking with?
Agent: good morning sir! I am Anusha from Reliance hfocomm. Our
comoarw has launched a verv attractive calling card. Can I Just take 5 minutes of
your precious time to explain it to you?
Customer: 0k. Go ahead.
Agent: Thanks you sir, As I was sou about the calling card which cornes
with free reliance to reliance callirvl 24 hrs. And other bcal calls cost just 45
paiseper minute. All STD calls are fixed at 1 per minute. Ark] all this come s for
just rs250a month. This is not all sir. We have a scheme runnirvl if wu bug the
card today itself then yuou would be getting an add on card absolutely free.
Customer: are you sure all local calls are for 45 paisa only?
Agent: yes Sir I m 100% sure.
Customer: But I already have two connections. What is the use of third one.
Agent: sir, now a days people keep 4-5 Sims and according to there usage and
benefits they keep on switchirvl to other Sims. And this sim is also very cheap and
call rates are very less. You are getting the best deal sir.
Customer: 0k. What do I have to do?
Agent: sir pu just have to give a copy of ration card or your driving license. Or
pan card. And two photos of yours.
Customer: 0k I have all these things ready.
Agent: Thank pu sir. Our agent will come to pur place tomorrow and collect all
the documents from aryd deliver the sim to you. May I know the com.enient time
when you would be Available?
Customer: 0k, send your executive at 1 1 am tomorrow.
Agent: 0k, sir. Thar* you very much. Have a nice day.
Customer: You're welcome. You too have a nice day. Bye.
Agent: b',e.
",1
11,"Mr. Adams: Adams Coffee and Bagel Shop, how may I help you?

Jenny: Hello, may I speak to Mr. Adams?

Mr. Adams: This is Mr. Adams.

Jenny: Hi, Mr. Adams. My name is Jenny Shields and I am calling from Walkers Oil Service. How are you today?

Mr. Adams: Im fine, thanks.

Jenny: As you may or may not know, Walker Oil is one of the oldest and best-known oil companies in Massachusetts, with a reputation for high-quality oil, excellent maintenance service, and timely delivery. Mr. Adams, could you tell me if you use oil, gas, or electric heat at your restaurant?

Mr. Adams: We use oil heat.

Jenny: Thats great! While oil burners are fuel-efficient workhorses, they do need regular maintenance to prevent costly fuel bills. Could you please tell me if you have had your burner inspected or cleaned in the past six months?

Mr. Adams: I dont really recall the last time we had the burner checked. Maybe last year.

Jenny: I would like one of our service people to stop by so that you can take advantage of our free inspection and cleaning. Is Wednesday afternoon at 2:00 p.m. a convenient time for you?

Mr. Adams: You know, I really dont want to spend time or money on this now.

Jenny: I completely understand, Mr. Adams. Walker Oil is known for delivering efficient and affordable solutions for heating. In addition, you will also save a lot of money each year on your fuel bills with our free annual cleaning and inspection service.

Mr. Adams: My burner seems to be working just fine.

Jenny: Mr. Adams, do you remember how cold it was last winter? Fuel prices skyrocketed and many people had burners that broke down during the coldest weeks of the year. With our free annual inspections, you never have to worry about breakdowns during those fierce cold spells.

Mr. Adams: Okay, well, I suppose I could see you Wednesday.

Jenny: Mr. Adams, this offer will allow you to have peace of mind this winter knowing that you took the time to have your burner inspected and cleaned, thus reducing your overall fuel costs. Plus you get a free oil fill-up when you sign up for our regular oil delivery service. Mr. Adams, I have you down for Wednesday afternoon at 2:00 p.m. We look forward to seeing you on Wednesday. Have a pleasant day.",1
12,thank you for calling leading cheers about meters law firm how can I direct your call thank you very much we owe so much to live for Mister Raines all right there yes yes Mister Raines there is a mystery lawyers here from the bank to see you it's supposed to be here an hour ago seven yes Mister Raines that's make what's is there something I can help you with sun and make a quick right unlike some people like to be on time for my point is we sort of way man you know I had this lady come in last minute she just went on and on and on and on you know how it goes what is it you want well I'm here to talk about your banking relationship I've been looking at your cal looks like me more products what did you have in mind two words express deposit what's that is there any fees yeah but also I mean you could total forty which is about twenty five thirty K. rolling I don't think so so what about merchant services don't take credit cards there's no smoking in here is there anything else payments whatever I can I can I review comes up writing a review I don't have time this sorry I gotta take this remember tender words of Carmel real flexible well all you want you want do it big time now your head on the dominance over the summer became what opinion actually stupid or real well man showing only twenty dollars or terrace you try to take out five who does that sorry Babe I guess to go with you my feet off the desk we think about what you wanna dollar me tonight is my entry big time women more right I really need to wrap this up and you have a real point okay okay man I understand just so you know this week and this week only I can give you a special rate on a line of credit if you sign up for a CH today not only will I wave also use for a CH on one year we will pay you one percent on any money you borrow on a line of credit let me get this straight you are gonna pay me to borrow money you gonna pay me to borrow money and so my friend adds so it sounds a little too good to be true I need to think about that now it's Friday afternoon what's so casual let's loosen up let's make it happen yeah you want a drink right now if this thing going let's keep it non back Liz we I don't have time for this Mister one no one likes a liar never no he was on I would say that thank you for calling for calling cheaters the whole wall my dad no we got to play the ,0
13,the look hi hi I'm three both you and of course that could be two halves in touch upon this affect your company what what would that be a bunch of yes it is a bond heavy swords take up your time is just that my manager said that I had to call you but it's like I know you hate is co goals I mean I hate making them believe me anyway I'm well I'll keep this short we got three packages that we can offer yet but I'll just twenty three one of them sexually three so we got one that helps you keep all your complete projects on the couch said anyone with the password can access the more update them is that something might be interested in we boarded over with Akon software all right I'm so sorry for the I should you know we are looking for new design package so if you've got anything about to approve of the good hello hello ,0
14,as Jane hi Jean it's seen from some of the source software how are you aware of the war good good luck to describe our new platform and get your order you know it's a great opportunity okay I got thirty seconds okay okay will base its a drag and drop drag drop data system is okay ago thirty five down just I'm it doesn't sound like anything that I would understand or know about or care about no I think you'll actually be caring about it quite a bit maybe maybe %HESITATION maybe too much at some points I've I've felt in my life would be as my wife a we don't have time to meet really outside sales people and be why don't even know where you're located but what about see I know where you're located and what this takes a little time but Hey little time as you know little time is still time at all right so I know that you have time and you have less time much why don't I get back to you %HESITATION you can leave me a number perfect okay it's two one two %HESITATION more than my area code ,0
15,yeah but I hope you great how are you yeah sure what date all his eight that's next year right how many rounds you do you really think you need twenty because well sometimes people say twenty but they only but quite okay let's start off its hand and then if your book more than that I'm just paying great well Saturday normally we give out eighty nine but I don't know I don't think you're ready manager has it like one night scenes I don't know I have to call her do you wanna roll do you want to call you back because I don't know we never have a rate of one nineteen on the for the Saturday you want to hold well yeah I do what's your phone number thanks man right ,0
